Timestamp,Total_Current,Zone_A_Current,Zone_B_Current,Zone_C_Current,Density_A,Density_B,Density_C,Alert_A,Alert_B,Alert_C
2026-03-30 21:54:56,0,0,0,0,0.00,0.00,0.00,SAFE,SAFE,SAFE
2026-03-30 21:54:57,1,0,1,0,0.00,0.10,0.00,SAFE,SAFE,SAFE
2026-03-30 21:54:58,1,0,1,0,0.00,0.10,0.00,SAFE,SAFE,SAFE
2026-03-30 21:55:00,1,0,1,0,0.00,0.10,0.00,SAFE,SAFE,SAFE
2026-03-30 21:55:01,1,0,1,0,0.00,0.10,0.00,SAFE,SAFE,SAFE
2026-03-30 21:55:02,1,0,1,0,0.00,0.10,0.00,SAFE,SAFE,SAFE
2026-03-30 21:55:03,1,0,1,0,0.00,0.10,0.00,SAFE,SAFE,SAFE
2026-03-30 21:55:04,1,0,1,0,0.00,0.10,0.00,SAFE,SAFE,SAFE
2026-03-30 21:55:05,1,0,1,0,0.00,0.10,0.00,SAFE,SAFE,SAFE
2026-03-30 21:55:06,1,0,1,0,0.00,0.10,0.00,SAFE,SAFE,SAFE
2026-03-30 21:55:07,1,0,1,0,0.00,0.10,0.00,SAFE,SAFE,SAFE
2026-03-30 21:55:09,1,0,1,0,0.00,0.10,0.00,SAFE,SAFE,SAFE
2026-03-30 21:55:10,1,0,1,0,0.00,0.10,0.00,SAFE,SAFE,SAFE
2026-03-30 21:55:11,1,0,1,0,0.00,0.10,0.00,SAFE,SAFE,SAFE
2026-03-30 21:55:12,1,0,1,0,0.00,0.10,0.00,SAFE,SAFE,SAFE
2026-03-30 21:55:13,1,0,1,0,0.00,0.10,0.00,SAFE,SAFE,SAFE
2026-03-30 21:55:14,1,0,1,0,0.00,0.10,0.00,SAFE,SAFE,SAFE
2026-03-30 21:55:15,1,0,1,0,0.00,0.10,0.00,SAFE,SAFE,SAFE
2026-03-30 21:55:16,1,0,1,0,0.00,0.10,0.00,SAFE,SAFE,SAFE
2026-03-30 21:55:17,1,0,1,0,0.00,0.10,0.00,SAFE,SAFE,SAFE
2026-03-30 21:55:19,1,0,1,0,0.00,0.10,0.00,SAFE,SAFE,SAFE
2026-03-30 21:55:20,1,0,1,0,0.00,0.10,0.00,SAFE,SAFE,SAFE
2026-03-30 21:55:21,1,0,1,0,0.00,0.10,0.00,SAFE,SAFE,SAFE
2026-03-30 21:55:22,1,0,1,0,0.00,0.10,0.00,SAFE,SAFE,SAFE
2026-03-30 21:55:23,1,0,1,0,0.00,0.10,0.00,SAFE,SAFE,SAFE
2026-03-30 21:55:24,1,0,1,0,0.00,0.10,0.00,SAFE,SAFE,SAFE
2026-03-30 21:55:25,1,0,1,0,0.00,0.10,0.00,SAFE,SAFE,SAFE
2026-03-30 21:55:26,1,0,1,0,0.00,0.10,0.00,SAFE,SAFE,SAFE
